{"cameraMode":{"drawMode":0,"name":"Shaded","section":"Shading Mode"},"sceneLighting":true,"audioPlay":false,"sceneViewState":{"showFog":true,"showMaterialUpdate":false,"showSkybox":true,"showFlares":true,"showImageEffects":true,"showParticleSystems":true},"in2DMode":false,"pivot":{"x":-0.2857532501220703,"y":-0.47582077980041506,"z":-0.43629980087280276},"rotation":{"x":-0.048300549387931827,"y":0.9474346041679382,"z":-0.17270788550376893,"w":-0.2649655342102051},"size":10.0,"orthographic":false}